﻿<Root>
  <XmlDocVersion>19</XmlDocVersion>
  <ChainId>7290492000005</ChainId>
  <SubChainId>1</SubChainId>
  <StoreId>655</StoreId>
  <StoreName>Dor Alon - 655 - דור אלון</StoreName>
  <BikoretNo>9</BikoretNo>
  <DllVerNo>9.4.0.21</DllVerNo>
  <Items Count="6545">
  <Item>
      <PriceUpdateDate>2015-10-01 10:01:25</PriceUpdateDate>
      <ItemCode>7290010945146</ItemCode>
      <ItemType>1</ItemType>
      <ItemName>קוטג מועשר       3%</ItemName>
      <ManufacturerName>טרה</ManufacturerName>
      <ManufactureCountry>ישראל</ManufactureCountry>
      <ManufacturerItemDescription>קוטג מועשר 250 3% גרם</ManufacturerItemDescription>
      <UnitQty>גרמים</UnitQty>
      <Quantity>250.00</Quantity>
      <UnitOfMeasure>100 גרם</UnitOfMeasure>
      <bIsWeighted>0</bIsWeighted>
      <QtyInPackage>1</QtyInPackage>
      <ItemPrice>6.10</ItemPrice>
      <UnitOfMeasurePrice>2.4400</UnitOfMeasurePrice>
      <AllowDiscount>1</AllowDiscount>
      <ItemStatus>1</ItemStatus>
      <ItemId>31436</ItemId>
    </Item>
	<Item>
      <PriceUpdateDate>2015-10-01 09:59:59</PriceUpdateDate>
      <ItemCode>7290010429301</ItemCode>
      <ItemType>1</ItemType>
      <ItemName>מעדן תות 100% פרי</ItemName>
      <ManufacturerName>בית אל מזון בע"מ</ManufacturerName>
      <ManufactureCountry>ישראל</ManufactureCountry>
      <ManufacturerItemDescription>מעדן תות 100% פרי 250 גרם</ManufacturerItemDescription>
      <UnitQty>גרמים</UnitQty>
      <Quantity>250.00</Quantity>
      <UnitOfMeasure>100 גרם</UnitOfMeasure>
      <bIsWeighted>0</bIsWeighted>
      <QtyInPackage>1</QtyInPackage>
      <ItemPrice>14.20</ItemPrice>
      <UnitOfMeasurePrice>5.6800</UnitOfMeasurePrice>
      <AllowDiscount>1</AllowDiscount>
      <ItemStatus>1</ItemStatus>
      <ItemId>25733</ItemId>
    </Item>
	<Item>
      <PriceUpdateDate>2015-10-01 10:01:13</PriceUpdateDate>
      <ItemCode>7290010237630</ItemCode>
      <ItemType>1</ItemType>
      <ItemName>בירה נשר מאלט דיאט .</ItemName>
      <ManufacturerName>טמפו</ManufacturerName>
      <ManufactureCountry>ישראל</ManufactureCountry>
      <ManufacturerItemDescription>בירה נשר מאלט דיאט 1.5 ל</ManufacturerItemDescription>
      <UnitQty>ליטרים</UnitQty>
      <Quantity>1.50</Quantity>
      <UnitOfMeasure>ליטר</UnitOfMeasure>
      <bIsWeighted>0</bIsWeighted>
      <QtyInPackage>1</QtyInPackage>
      <ItemPrice>7.90</ItemPrice>
      <UnitOfMeasurePrice>5.2667</UnitOfMeasurePrice>
      <AllowDiscount>1</AllowDiscount>
      <ItemStatus>1</ItemStatus>
      <ItemId>22137</ItemId>
    </Item>
	<Item>
      <PriceUpdateDate>2015-10-01 10:01:13</PriceUpdateDate>
      <ItemCode>7290010237623</ItemCode>
      <ItemType>1</ItemType>
      <ItemName>בירה נשר מאלט .</ItemName>
      <ManufacturerName>טמפו</ManufacturerName>
      <ManufactureCountry>ישראל</ManufactureCountry>
      <ManufacturerItemDescription>בירה נשר מאלט 1.5 ל</ManufacturerItemDescription>
      <UnitQty>ליטרים</UnitQty>
      <Quantity>1.50</Quantity>
      <UnitOfMeasure>ליטר</UnitOfMeasure>
      <bIsWeighted>0</bIsWeighted>
      <QtyInPackage>1</QtyInPackage>
      <ItemPrice>7.90</ItemPrice>
      <UnitOfMeasurePrice>5.2667</UnitOfMeasurePrice>
      <AllowDiscount>1</AllowDiscount>
      <ItemStatus>1</ItemStatus>
      <ItemId>22136</ItemId>
    </Item>
	<Item>
      <PriceUpdateDate>2015-10-01 09:59:59</PriceUpdateDate>
      <ItemCode>7290011194246</ItemCode>
      <ItemType>1</ItemType>
      <ItemName>קוטג 5% 250 גרם</ItemName>
      <ManufacturerName>שטראוס גרופ</ManufacturerName>
      <ManufactureCountry>לא ידוע</ManufactureCountry>
      <ManufacturerItemDescription>קוטג 5% 250 גרם</ManufacturerItemDescription>
      <UnitQty>גרמים</UnitQty>
      <Quantity>250.00</Quantity>
      <UnitOfMeasure>100 גרם</UnitOfMeasure>
      <bIsWeighted>0</bIsWeighted>
      <QtyInPackage>1</QtyInPackage>
      <ItemPrice>6.10</ItemPrice>
      <UnitOfMeasurePrice>2.4400</UnitOfMeasurePrice>
      <AllowDiscount>1</AllowDiscount>
      <ItemStatus>1</ItemStatus>
      <ItemId>32203</ItemId>
    </Item>
	 <Item>
      <PriceUpdateDate>2016-02-12 08:05:39</PriceUpdateDate>
      <ItemCode>7290010945306</ItemCode>
      <ItemType>1</ItemType>
      <ItemName>חלב 2 3% ליטר קרטון</ItemName>
      <ManufacturerName>טרה</ManufacturerName>
      <ManufactureCountry>ישראל</ManufactureCountry>
      <ManufacturerItemDescription>חלב 2 3% ליטר קרטון פיקוח</ManufacturerItemDescription>
      <UnitQty>ליטרים</UnitQty>
      <Quantity>2.00</Quantity>
      <UnitOfMeasure>ליטר</UnitOfMeasure>
      <bIsWeighted>0</bIsWeighted>
      <QtyInPackage>1</QtyInPackage>
      <ItemPrice>11.40</ItemPrice>
      <UnitOfMeasurePrice>5.7000</UnitOfMeasurePrice>
      <AllowDiscount>1</AllowDiscount>
      <ItemStatus>1</ItemStatus>
      <ItemId>33302</ItemId>
    </Item>
	<Item>
      <PriceUpdateDate>2015-10-01 10:01:25</PriceUpdateDate>
      <ItemCode>9720188050109</ItemCode>
      <ItemType>1</ItemType>
      <ItemName>טופו  225 גרם</ItemName>
      <ManufacturerName>מחלבת משק צוריאל</ManufacturerName>
      <ManufactureCountry>ארצות הברית</ManufactureCountry>
      <ManufacturerItemDescription>טופו 225 גר                            .</ManufacturerItemDescription>
      <UnitQty>גרמים</UnitQty>
      <Quantity>225.00</Quantity>
      <UnitOfMeasure>100 גרם</UnitOfMeasure>
      <bIsWeighted>0</bIsWeighted>
      <QtyInPackage>1</QtyInPackage>
      <ItemPrice>22.30</ItemPrice>
      <UnitOfMeasurePrice>9.9111</UnitOfMeasurePrice>
      <AllowDiscount>1</AllowDiscount>
      <ItemStatus>1</ItemStatus>
      <ItemId>12011</ItemId>
    </Item>
	<Item>
      <PriceUpdateDate>2015-10-01 10:01:07</PriceUpdateDate>
      <ItemCode>8693495042192</ItemCode>
      <ItemType>1</ItemType>
      <ItemName>פלמוליב סבון מוצק/4</ItemName>
      <ManufacturerName>COLGATE (GBP)-PALMOL</ManufacturerName>
      <ManufactureCountry>טורקיה</ManufactureCountry>
      <ManufacturerItemDescription>פלמוליב סבון מוצק 1/4 קוקוס</ManufacturerItemDescription>
      <UnitQty>Unknown </UnitQty>
      <Quantity>0.00</Quantity>
      <UnitOfMeasure>Unknown </UnitOfMeasure>
      <bIsWeighted>0</bIsWeighted>
      <QtyInPackage>4</QtyInPackage>
      <ItemPrice>17.70</ItemPrice>
      <UnitOfMeasurePrice>0.0000</UnitOfMeasurePrice>
      <AllowDiscount>1</AllowDiscount>
      <ItemStatus>1</ItemStatus>
      <ItemId>96002</ItemId>
    </Item>
	<Item>
      <PriceUpdateDate>2016-03-02 14:46:38</PriceUpdateDate>
      <ItemCode>8714599513781</ItemCode>
      <ItemType>1</ItemType>
      <ItemName>קפה גיקובס גולד 200</ItemName>
      <ManufacturerName>מונדלייז</ManufacturerName>
      <ManufactureCountry>גרמניה</ManufactureCountry>
      <ManufacturerItemDescription>קפה גיקובס גולד 200 גר</ManufacturerItemDescription>
      <UnitQty>גרמים</UnitQty>
      <Quantity>200.00</Quantity>
      <UnitOfMeasure>100 גרם</UnitOfMeasure>
      <bIsWeighted>0</bIsWeighted>
      <QtyInPackage>1</QtyInPackage>
      <ItemPrice>38.90</ItemPrice>
      <UnitOfMeasurePrice>19.4500</UnitOfMeasurePrice>
      <AllowDiscount>1</AllowDiscount>
      <ItemStatus>1</ItemStatus>
      <ItemId>112496</ItemId>
    </Item>
	<Item>
      <PriceUpdateDate>2016-03-02 14:46:38</PriceUpdateDate>
      <ItemCode>8714599513866</ItemCode>
      <ItemType>1</ItemType>
      <ItemName>קפה גיקובס קרונג נמס</ItemName>
      <ManufacturerName>מונדלייז</ManufacturerName>
      <ManufactureCountry>לא ידוע</ManufactureCountry>
      <ManufacturerItemDescription>קפה גיקובס קרונג נמס200 גר כשלפ</ManufacturerItemDescription>
      <UnitQty>גרמים</UnitQty>
      <Quantity>200.00</Quantity>
      <UnitOfMeasure>100 גרם</UnitOfMeasure>
      <bIsWeighted>0</bIsWeighted>
      <QtyInPackage>1</QtyInPackage>
      <ItemPrice>44.50</ItemPrice>
      <UnitOfMeasurePrice>22.2500</UnitOfMeasurePrice>
      <AllowDiscount>1</AllowDiscount>
      <ItemStatus>1</ItemStatus>
      <ItemId>112495</ItemId>
    </Item>
	<Item>
      <PriceUpdateDate>2015-10-01 10:01:07</PriceUpdateDate>
      <ItemCode>8714789930848</ItemCode>
      <ItemType>1</ItemType>
      <ItemName>משחת שיניים אופטיק</ItemName>
      <ManufacturerName>COLGATE ($) -PALMOLI</ManufacturerName>
      <ManufactureCountry>פולין</ManufactureCountry>
      <ManufacturerItemDescription>משחת שיניים אופטיק וויט 75 מל</ManufacturerItemDescription>
      <UnitQty>מיליליטרים</UnitQty>
      <Quantity>75.00</Quantity>
      <UnitOfMeasure>100 מ"ל</UnitOfMeasure>
      <bIsWeighted>0</bIsWeighted>
      <QtyInPackage>1</QtyInPackage>
      <ItemPrice>27.60</ItemPrice>
      <UnitOfMeasurePrice>36.8000</UnitOfMeasurePrice>
      <AllowDiscount>1</AllowDiscount>
      <ItemStatus>1</ItemStatus>
      <ItemId>99300</ItemId>
    </Item>
	<Item>
      <PriceUpdateDate>2015-01-01 00:00:00</PriceUpdateDate>
      <ItemCode>8850389105849</ItemCode>
      <ItemType>1</ItemType>
      <ItemName>סאפה אפרסק</ItemName>
      <ManufacturerName>SAPPE PUBLIC COMPANY</ManufacturerName>
      <ManufactureCountry>תאילנד</ManufactureCountry>
      <ManufacturerItemDescription>סאפה אפרסק ליטר</ManufacturerItemDescription>
      <UnitQty>ליטרים</UnitQty>
      <Quantity>1.00</Quantity>
      <UnitOfMeasure>ליטר</UnitOfMeasure>
      <bIsWeighted>0</bIsWeighted>
      <QtyInPackage>1</QtyInPackage>
      <ItemPrice>13.90</ItemPrice>
      <UnitOfMeasurePrice>13.9000</UnitOfMeasurePrice>
      <AllowDiscount>1</AllowDiscount>
      <ItemStatus>1</ItemStatus>
      <ItemId>71053</ItemId>
    </Item>
	<Item>
      <PriceUpdateDate>2015-01-01 00:00:00</PriceUpdateDate>
      <ItemCode>8850389105832</ItemCode>
      <ItemType>1</ItemType>
      <ItemName>סאפה תפוחים</ItemName>
      <ManufacturerName>SAPPE PUBLIC COMPANY</ManufacturerName>
      <ManufactureCountry>תאילנד</ManufactureCountry>
      <ManufacturerItemDescription>סאפה תפוח ליטר</ManufacturerItemDescription>
      <UnitQty>ליטרים</UnitQty>
      <Quantity>1.00</Quantity>
      <UnitOfMeasure>ליטר</UnitOfMeasure>
      <bIsWeighted>0</bIsWeighted>
      <QtyInPackage>1</QtyInPackage>
      <ItemPrice>13.90</ItemPrice>
      <UnitOfMeasurePrice>13.9000</UnitOfMeasurePrice>
      <AllowDiscount>1</AllowDiscount>
      <ItemStatus>1</ItemStatus>
      <ItemId>73626</ItemId>
    </Item>
	<Item>
      <PriceUpdateDate>2015-01-01 00:00:00</PriceUpdateDate>
      <ItemCode>8850389105825</ItemCode>
      <ItemType>1</ItemType>
      <ItemName>סאפה ענבים         .</ItemName>
      <ManufacturerName>SAPPE PUBLIC COMPANY</ManufacturerName>
      <ManufactureCountry>תאילנד</ManufactureCountry>
      <ManufacturerItemDescription>סאפה ענבים ליטר</ManufacturerItemDescription>
      <UnitQty>ליטרים</UnitQty>
      <Quantity>1.00</Quantity>
      <UnitOfMeasure>ליטר</UnitOfMeasure>
      <bIsWeighted>0</bIsWeighted>
      <QtyInPackage>1</QtyInPackage>
      <ItemPrice>13.90</ItemPrice>
      <UnitOfMeasurePrice>13.9000</UnitOfMeasurePrice>
      <AllowDiscount>1</AllowDiscount>
      <ItemStatus>1</ItemStatus>
      <ItemId>71052</ItemId>
    </Item>
	
  
  
  </Items>
</Root>