﻿<Root>
  <XmlDocVersion>19</XmlDocVersion>
  <ChainId>7290873255550</ChainId>
  <SubChainId>1</SubChainId>
  <StoreId>14</StoreId>
  <StoreName>Tiv Taam - 14 - טיב טעם</StoreName>
  <BikoretNo>4</BikoretNo>
  <DllVerNo>9.4.0.21</DllVerNo>
  <Items Count="19267">
  <Item>
      <PriceUpdateDate>2015-01-01 00:00:00</PriceUpdateDate>
      <ItemCode>7290010237623</ItemCode>
      <ItemType>0</ItemType>
      <ItemName>נשר מאלט 1.5 ליטר</ItemName>
      <ManufacturerName>טמפו משקאות בעמ</ManufacturerName>
      <ManufactureCountry>ישראל</ManufactureCountry>
      <ManufacturerItemDescription>נשר מאלט 1.5 ליטר תריסר</ManufacturerItemDescription>
      <UnitQty>לא ידוע</UnitQty>
      <Quantity>1.50</Quantity>
      <UnitOfMeasure>100 מ"ל</UnitOfMeasure>
      <bIsWeighted>0</bIsWeighted>
      <QtyInPackage>1</QtyInPackage>
      <ItemPrice>6.90</ItemPrice>
      <UnitOfMeasurePrice>4.6000</UnitOfMeasurePrice>
      <AllowDiscount>1</AllowDiscount>
      <ItemStatus>1</ItemStatus>
      <ItemId>37088</ItemId>
    </Item>
	<Item>
      <PriceUpdateDate>2015-01-01 00:00:00</PriceUpdateDate>
      <ItemCode>7290010237630</ItemCode>
      <ItemType>0</ItemType>
      <ItemName>דיאט נשר מאלט 1.5 לי</ItemName>
      <ManufacturerName>טמפו משקאות בעמ</ManufacturerName>
      <ManufactureCountry>ישראל</ManufactureCountry>
      <ManufacturerItemDescription>דיאט נשר מאלט 1.5 ליטר תריסר</ManufacturerItemDescription>
      <UnitQty>לא ידוע</UnitQty>
      <Quantity>1.50</Quantity>
      <UnitOfMeasure>100 מ"ל</UnitOfMeasure>
      <bIsWeighted>0</bIsWeighted>
      <QtyInPackage>1</QtyInPackage>
      <ItemPrice>6.90</ItemPrice>
      <UnitOfMeasurePrice>4.6000</UnitOfMeasurePrice>
      <AllowDiscount>1</AllowDiscount>
      <ItemStatus>1</ItemStatus>
      <ItemId>37089</ItemId>
    </Item>
	<Item>
      <PriceUpdateDate>2016-06-02 15:39:14</PriceUpdateDate>
      <ItemCode>7290010429301</ItemCode>
      <ItemType>0</ItemType>
      <ItemName>מעדן תות 100% פרי 25</ItemName>
      <ManufacturerName>בית אל מזון בע"מ</ManufacturerName>
      <ManufactureCountry>ישראל</ManufactureCountry>
      <ManufacturerItemDescription>מעדן תות 250 גרם</ManufacturerItemDescription>
      <UnitQty>לא ידוע</UnitQty>
      <Quantity>250.00</Quantity>
      <UnitOfMeasure>100 גרם</UnitOfMeasure>
      <bIsWeighted>0</bIsWeighted>
      <QtyInPackage>1</QtyInPackage>
      <ItemPrice>14.90</ItemPrice>
      <UnitOfMeasurePrice>0.0596</UnitOfMeasurePrice>
      <AllowDiscount>1</AllowDiscount>
      <ItemStatus>1</ItemStatus>
      <ItemId>42151</ItemId>
    </Item>
	<Item>
      <PriceUpdateDate>2015-07-19 09:26:48</PriceUpdateDate>
      <ItemCode>7290010945146</ItemCode>
      <ItemType>0</ItemType>
      <ItemName>קוטג 3% מועשר 250 גר</ItemName>
      <ManufacturerName>טרה</ManufacturerName>
      <ManufactureCountry>ישראל</ManufactureCountry>
      <ManufacturerItemDescription>קוטג 3% 250 גרם- נעמ</ManufacturerItemDescription>
      <UnitQty>לא ידוע</UnitQty>
      <Quantity>250.00</Quantity>
      <UnitOfMeasure>100 מ"ל</UnitOfMeasure>
      <bIsWeighted>0</bIsWeighted>
      <QtyInPackage>1</QtyInPackage>
      <ItemPrice>5.90</ItemPrice>
      <UnitOfMeasurePrice>0.0236</UnitOfMeasurePrice>
      <AllowDiscount>1</AllowDiscount>
      <ItemStatus>1</ItemStatus>
      <ItemId>50130</ItemId>
    </Item>
	<Item>
      <PriceUpdateDate>2016-02-11 11:34:50</PriceUpdateDate>
      <ItemCode>7290010945306</ItemCode>
      <ItemType>0</ItemType>
      <ItemName>קרטון חלב 2 ליטר 3%</ItemName>
      <ManufacturerName>י"              ,</ManufacturerName>
      <ManufactureCountry>לא ידוע</ManufactureCountry>
      <ManufacturerItemDescription>קרטון חלב 2 ליטר 3% מהדרין</ManufacturerItemDescription>
      <UnitQty>לא ידוע</UnitQty>
      <Quantity>2.00</Quantity>
      <UnitOfMeasure>ק"ג</UnitOfMeasure>
      <bIsWeighted>0</bIsWeighted>
      <QtyInPackage>1</QtyInPackage>
      <ItemPrice>11.50</ItemPrice>
      <UnitOfMeasurePrice>5.7500</UnitOfMeasurePrice>
      <AllowDiscount>1</AllowDiscount>
      <ItemStatus>1</ItemStatus>
      <ItemId>52300</ItemId>
    </Item>
	<Item>
      <PriceUpdateDate>2015-01-01 00:00:00</PriceUpdateDate>
      <ItemCode>7290011194246</ItemCode>
      <ItemType>0</ItemType>
      <ItemName>קוטג 5%  250 גר</ItemName>
      <ManufacturerName>STRAUSS</ManufacturerName>
      <ManufactureCountry>ישראל</ManufactureCountry>
      <ManufacturerItemDescription>קוטג %5 עם סידן 250 גרם</ManufacturerItemDescription>
      <UnitQty>לא ידוע</UnitQty>
      <Quantity>250.00</Quantity>
      <UnitOfMeasure>100 גרם</UnitOfMeasure>
      <bIsWeighted>0</bIsWeighted>
      <QtyInPackage>1</QtyInPackage>
      <ItemPrice>6.00</ItemPrice>
      <UnitOfMeasurePrice>0.0240</UnitOfMeasurePrice>
      <AllowDiscount>1</AllowDiscount>
      <ItemStatus>1</ItemStatus>
      <ItemId>51086</ItemId>
    </Item>
	<Item>
      <PriceUpdateDate>2015-01-01 00:00:00</PriceUpdateDate>
      <ItemCode>9720188050109</ItemCode>
      <ItemType>0</ItemType>
      <ItemName>גבינת טופו בטעמים</ItemName>
      <ManufacturerName>מחלבת משק צוריאל</ManufacturerName>
      <ManufactureCountry>ארה"ב</ManufactureCountry>
      <ManufacturerItemDescription>טופוטי - ממרח טופו בטעם גבינה - 225 גר</ManufacturerItemDescription>
      <UnitQty>לא ידוע</UnitQty>
      <Quantity>227.00</Quantity>
      <UnitOfMeasure>100 מ"ל</UnitOfMeasure>
      <bIsWeighted>0</bIsWeighted>
      <QtyInPackage>1</QtyInPackage>
      <ItemPrice>24.60</ItemPrice>
      <UnitOfMeasurePrice>0.1084</UnitOfMeasurePrice>
      <AllowDiscount>1</AllowDiscount>
      <ItemStatus>1</ItemStatus>
      <ItemId>10248</ItemId>
    </Item>
	<Item>
      <PriceUpdateDate>2015-01-01 00:00:00</PriceUpdateDate>
      <ItemCode>8693495042192</ItemCode>
      <ItemType>0</ItemType>
      <ItemName>פלמוליב סבון מוצק קו</ItemName>
      <ManufacturerName>COLGATE (GBP)-PALMOL</ManufacturerName>
      <ManufactureCountry>תורכיה</ManufactureCountry>
      <ManufacturerItemDescription>פלמוליב סבון מוצק קוקוס 4יחי 100ג חדש</ManufacturerItemDescription>
      <UnitQty>לא ידוע</UnitQty>
      <Quantity>400.00</Quantity>
      <UnitOfMeasure>100 גרם</UnitOfMeasure>
      <bIsWeighted>0</bIsWeighted>
      <QtyInPackage>1</QtyInPackage>
      <ItemPrice>19.80</ItemPrice>
      <UnitOfMeasurePrice>0.0495</UnitOfMeasurePrice>
      <AllowDiscount>1</AllowDiscount>
      <ItemStatus>1</ItemStatus>
      <ItemId>184004</ItemId>
    </Item>
	<Item>
      <PriceUpdateDate>2016-07-25 13:17:53</PriceUpdateDate>
      <ItemCode>8714599513781</ItemCode>
      <ItemType>1</ItemType>
      <ItemName>גיקובס גולד מיובש בה</ItemName>
      <ManufacturerName>JDE</ManufacturerName>
      <ManufactureCountry>רוסיה</ManufactureCountry>
      <ManufacturerItemDescription>גיקובס גולד מיובש בהקפאה 200 גר כשל"פ</ManufacturerItemDescription>
      <UnitQty>לא ידוע</UnitQty>
      <Quantity>200.00</Quantity>
      <UnitOfMeasure>100 מ"ל</UnitOfMeasure>
      <bIsWeighted>0</bIsWeighted>
      <QtyInPackage>1</QtyInPackage>
      <ItemPrice>26.90</ItemPrice>
      <UnitOfMeasurePrice>0.1345</UnitOfMeasurePrice>
      <AllowDiscount>1</AllowDiscount>
      <ItemStatus>1</ItemStatus>
      <ItemId>207104</ItemId>
    </Item>
	<Item>
      <PriceUpdateDate>2016-01-20 15:30:46</PriceUpdateDate>
      <ItemCode>8714599513866</ItemCode>
      <ItemType>1</ItemType>
      <ItemName>גיקובס קרונונג מיובש</ItemName>
      <ManufacturerName>JDE</ManufacturerName>
      <ManufactureCountry>רוסיה</ManufactureCountry>
      <ManufacturerItemDescription>גיקובס קרונונג מיובש בהקפאה 200 גר כשל"פ</ManufacturerItemDescription>
      <UnitQty>לא ידוע</UnitQty>
      <Quantity>200.00</Quantity>
      <UnitOfMeasure>100 מ"ל</UnitOfMeasure>
      <bIsWeighted>0</bIsWeighted>
      <QtyInPackage>1</QtyInPackage>
      <ItemPrice>26.90</ItemPrice>
      <UnitOfMeasurePrice>0.1345</UnitOfMeasurePrice>
      <AllowDiscount>1</AllowDiscount>
      <ItemStatus>1</ItemStatus>
      <ItemId>207103</ItemId>
    </Item>
	<Item>
      <PriceUpdateDate>2015-08-04 10:03:22</PriceUpdateDate>
      <ItemCode>8714789930848</ItemCode>
      <ItemType>0</ItemType>
      <ItemName>קולגייט משחת אופטיק</ItemName>
      <ManufacturerName>COLGATE ($) -PALMOLI</ManufacturerName>
      <ManufactureCountry>פולין</ManufactureCountry>
      <ManufacturerItemDescription>קולגייט משחת אופטיק וייט הלבנה מיידית 75</ManufacturerItemDescription>
      <UnitQty>לא ידוע</UnitQty>
      <Quantity>75.00</Quantity>
      <UnitOfMeasure>ליטר</UnitOfMeasure>
      <bIsWeighted>0</bIsWeighted>
      <QtyInPackage>1</QtyInPackage>
      <ItemPrice>29.90</ItemPrice>
      <UnitOfMeasurePrice>0.3987</UnitOfMeasurePrice>
      <AllowDiscount>1</AllowDiscount>
      <ItemStatus>1</ItemStatus>
      <ItemId>189903</ItemId>
    </Item>
	<Item>
      <PriceUpdateDate>2015-01-01 00:00:00</PriceUpdateDate>
      <ItemCode>8850389105849</ItemCode>
      <ItemType>0</ItemType>
      <ItemName>סאפה אלוורה אפרסק 1</ItemName>
      <ManufacturerName>BARONE RICASOLI S.P.</ManufacturerName>
      <ManufactureCountry>תאילנד</ManufactureCountry>
      <ManufacturerItemDescription>סאפה אפרסק ליטר</ManufacturerItemDescription>
      <UnitQty>לא ידוע</UnitQty>
      <Quantity>1.00</Quantity>
      <UnitOfMeasure>ק"ג</UnitOfMeasure>
      <bIsWeighted>0</bIsWeighted>
      <QtyInPackage>1</QtyInPackage>
      <ItemPrice>12.90</ItemPrice>
      <UnitOfMeasurePrice>12.9000</UnitOfMeasurePrice>
      <AllowDiscount>1</AllowDiscount>
      <ItemStatus>1</ItemStatus>
      <ItemId>139141</ItemId>
    </Item>
	<Item>
      <PriceUpdateDate>2015-01-01 00:00:00</PriceUpdateDate>
      <ItemCode>8850389105832</ItemCode>
      <ItemType>0</ItemType>
      <ItemName>סאפה אלוורה תפוחים 1</ItemName>
      <ManufacturerName>BARONE RICASOLI S.P.</ManufacturerName>
      <ManufactureCountry>תאילנד</ManufactureCountry>
      <ManufacturerItemDescription>סאפה תפוח ליטר</ManufacturerItemDescription>
      <UnitQty>לא ידוע</UnitQty>
      <Quantity>1.00</Quantity>
      <UnitOfMeasure>ק"ג</UnitOfMeasure>
      <bIsWeighted>0</bIsWeighted>
      <QtyInPackage>1</QtyInPackage>
      <ItemPrice>12.90</ItemPrice>
      <UnitOfMeasurePrice>12.9000</UnitOfMeasurePrice>
      <AllowDiscount>1</AllowDiscount>
      <ItemStatus>1</ItemStatus>
      <ItemId>139139</ItemId>
    </Item>
	<Item>
      <PriceUpdateDate>2015-01-01 00:00:00</PriceUpdateDate>
      <ItemCode>8850389105825</ItemCode>
      <ItemType>0</ItemType>
      <ItemName>סאפה אלוורה ענבים 1</ItemName>
      <ManufacturerName>BARONE RICASOLI S.P.</ManufacturerName>
      <ManufactureCountry>תאילנד</ManufactureCountry>
      <ManufacturerItemDescription>סאפה ענבים ליטר</ManufacturerItemDescription>
      <UnitQty>לא ידוע</UnitQty>
      <Quantity>1.00</Quantity>
      <UnitOfMeasure>ק"ג</UnitOfMeasure>
      <bIsWeighted>0</bIsWeighted>
      <QtyInPackage>1</QtyInPackage>
      <ItemPrice>12.90</ItemPrice>
      <UnitOfMeasurePrice>12.9000</UnitOfMeasurePrice>
      <AllowDiscount>1</AllowDiscount>
      <ItemStatus>1</ItemStatus>
      <ItemId>139140</ItemId>
    </Item>
	
  </Items>
</Root>